i_id,wranking,nranking,year
88,701,3,2020
88,601,3,2019
318,901,8,2020
318,701,6,2019
332,301,4,2020
332,201,4,2019
332,201,4,2018
332,201,4,2017
332,201,4,2016
333,401,3,2020
333,301,2,2019
333,301,2,2018
333,401,3,2017
333,401,3,2016
334,69,2,2020
334,60,2,2019
334,65,2,2018
334,65,2,2017
334,65,2,2016
340,901,60,2020
340,801,51,2019
409,801,4,2020
409,701,4,2019
411,801,1,2020
443,701,28,2019
451,801,3,2020
451,701,2,2019
453,701,103,2020
454,101,6,2020
454,101,4,2019
454,101,4,2018
454,101,4,2017
454,101,4,2016
455,801,25,2020
455,701,22,2019
456,701,2,2019
501,701,2,2020
501,701,2,2019
505,801,8,2020
507,901,10,2020
507,901,11,2019
655,601,1,2020
655,601,1,2019
664,801,182,2020
664,701,172,2019
665,501,2,2020
665,501,4,2019
665,401,2,2018
665,401,2,2017
665,401,2,2016
686,901,121,2019
687,701,103,2020
687,801,107,2019
688,701,103,2020
688,901,121,2019
689,801,6,2020
689,801,8,2019
692,901,10,2020
692,901,11,2019
774,501,2,2020
774,401,2,2019
774,401,2,2018
774,401,2,2017
774,401,2,2016
783,101,42,2020
783,101,46,2019
783,101,47,2018
783,101,49,2017
783,101,51,2016
804,701,103,2020
804,601,73,2019
852,901,13,2020
867,701,46,2020
893,501,134,2020
893,501,138,2019
903,901,191,2020
903,901,193,2019
923,501,24,2020
923,501,24,2019
930,201,2,2020
930,201,2,2019
930,301,5,2018
930,301,4,2017
930,301,4,2016
931,301,6,2020
931,301,6,2019
931,301,5,2018
931,301,4,2017
931,201,2,2016
1144,701,1,2020
1144,701,1,2019
1145,801,8,2019
1172,901,11,2019
1174,701,46,2020
1174,601,44,2019
1174,401,35,2017
1174,401,34,2016
1188,401,5,2020
1188,401,5,2019
1188,401,5,2018
1188,401,5,2017
1227,151,57,2020
1227,101,46,2019
1227,101,47,2018
1227,101,49,2017
1227,101,51,2016
1228,501,134,2020
1228,501,138,2019
1260,151,14,2020
1260,201,18,2019
1260,201,13,2018
1260,301,19,2017
1260,301,19,2016
1261,701,103,2020
1261,601,73,2019
1262,201,23,2020
1262,301,28,2019
1262,401,36,2018
1263,401,50,2020
1263,501,59,2019
1264,201,23,2020
1264,201,18,2019
1264,201,13,2018
1264,201,10,2017
1264,201,10,2016
1265,301,33,2020
1265,401,40,2019
1265,401,36,2018
1265,401,32,2016
1266,901,121,2019
1267,601,85,2020
1267,701,91,2019
1268,401,50,2020
1268,501,59,2019
1296,401,5,2020
1296,401,5,2019
1296,401,5,2018
1296,401,5,2017
1296,401,5,2016
1343,901,10,2020
1343,901,11,2019
1346,701,40,2020
1346,501,31,2019
1346,401,29,2018
1346,401,27,2017
1346,401,28,2016
1348,801,6,2020
1348,701,2,2019
1350,501,134,2020
1350,901,193,2019
1354,901,60,2020
1354,901,56,2019
1409,501,18,2020
1411,801,107,2019
1414,801,182,2020
1419,901,32,2020
1419,901,32,2019
1430,501,134,2020
1430,401,117,2019
1430,301,96,2018
1430,301,100,2017
1430,301,99,2016
1432,90,38,2020
1432,76,36,2019
1432,70,34,2018
1432,80,40,2017
1432,75,39,2016
1446,301,95,2020
1446,301,95,2019
1446,201,70,2018
1446,301,100,2017
1446,201,72,2016
1454,701,31,2020
1454,601,25,2019
1468,401,115,2020
1468,401,117,2019
1468,401,118,2018
1468,301,100,2017
1468,401,120,2016
1542,101,42,2020
1542,84,38,2019
1542,101,47,2018
1542,101,49,2017
1542,90,45,2016
1544,501,37,2020
1544,501,37,2019
1544,401,35,2018
1544,401,35,2017
1544,401,34,2016
1585,801,3,2020
1585,801,3,2019
1920,501,1,2020
1920,501,1,2019
1980,401,115,2020
1980,401,117,2019
1981,601,155,2020
1981,801,182,2019
1994,401,1,2020
1994,301,1,2019
1994,401,1,2018
1994,401,1,2017
1994,401,1,2016
2015,8,7,2020
2015,9,7,2019
2015,9,7,2018
2015,9,7,2017
2015,8,6,2016
2090,301,33,2020
2090,301,28,2019
2090,401,36,2018
2090,301,19,2017
2090,401,32,2016
2118,151,16,2020
2118,101,9,2019
2118,101,9,2018
2118,99,9,2017
2118,101,9,2016
2184,501,20,2020
2184,701,22,2019
2190,901,38,2020
2196,95,40,2020
2196,95,41,2019
2196,91,43,2018
2196,80,40,2017
2196,68,36,2016
2230,101,42,2020
2230,101,46,2019
2230,101,47,2018
2230,101,49,2017
2230,101,51,2016
2240,501,2,2019
2240,401,2,2018
2240,401,2,2017
2241,701,21,2020
2241,701,22,2019
2241,301,7,2016
2242,151,4,2020
2242,151,3,2019
2242,151,3,2018
2242,101,3,2017
2242,151,3,2016
2243,601,25,2020
2243,401,11,2019
2279,501,72,2020
2309,101,7,2020
2309,151,9,2019
2309,201,13,2018
2309,301,19,2017
2309,301,19,2016
2323,601,22,2019
2348,301,7,2020
2348,301,7,2019
2348,201,6,2018
2348,201,6,2017
2348,201,6,2016
2370,501,6,2020
2370,501,4,2019
2370,401,4,2018
2370,301,3,2017
2370,301,3,2016
2371,801,121,2020
2371,901,121,2019
2372,901,132,2020
2372,901,121,2019
2382,201,1,2020
2382,201,1,2019
2382,201,1,2018
2382,201,1,2017
2382,201,1,2016
2409,801,48,2019
2417,901,4,2020
2417,801,3,2019
2418,401,11,2020
2418,401,11,2019
2418,301,10,2018
2418,301,10,2017
2418,301,10,2016
2427,301,33,2020
2427,301,28,2019
2427,301,24,2018
2427,401,34,2017
2427,301,19,2016
2428,151,1,2016
2429,601,85,2020
2429,701,91,2019
2430,201,1,2020
2430,301,2,2019
2430,201,2,2018
2430,151,1,2017
2431,801,121,2020
2431,801,107,2019
2432,401,50,2020
2432,601,73,2019
2433,301,33,2020
2433,401,40,2019
2433,401,36,2018
2433,301,19,2017
2433,301,19,2016
2434,801,121,2020
2435,401,50,2020
2435,601,73,2019
2436,501,72,2020
2436,601,73,2019
2437,701,103,2020
2437,701,91,2019
2442,501,12,2020
2442,601,16,2019
2443,701,103,2020
2443,701,91,2019
2444,301,33,2020
2444,301,28,2019
2444,401,36,2018
2445,501,12,2020
2445,601,16,2019
2460,701,2,2020
2460,601,2,2019
2460,401,1,2017
2461,601,18,2020
2461,501,12,2019
2462,601,18,2020
2462,601,16,2019
2463,701,21,2020
2463,601,16,2019
2488,701,46,2020
2488,901,56,2019
2489,901,191,2020
2489,901,193,2019
2490,201,3,2020
2490,201,3,2019
2490,201,3,2018
2490,201,3,2017
2490,201,2,2016
2491,401,117,2019
2491,401,118,2018
2491,401,120,2017
2491,401,120,2016
2510,901,193,2019
2518,201,9,2020
2518,201,10,2019
2518,201,9,2018
2518,201,10,2017
2518,201,10,2016
2527,501,134,2020
2527,401,117,2019
2643,901,191,2020
2643,801,182,2019
2672,601,155,2020
2672,601,156,2019
2676,201,66,2020
2676,201,67,2019
2676,201,70,2018
2676,201,71,2017
2676,201,72,2016
2705,7,6,2020
2705,8,6,2019
2705,8,6,2018
2705,8,6,2017
2705,9,7,2016
2714,601,1,2020
2714,801,1,2019
2739,201,2,2020
2739,201,2,2019
2739,201,2,2018
2739,301,4,2017
2739,301,4,2016
2779,601,21,2020
2779,801,26,2019
2779,401,18,2017
2822,801,6,2020
2822,701,6,2019
2832,12,10,2020
2832,13,11,2019
2832,12,10,2018
2832,14,12,2017
2832,13,11,2016
2878,901,60,2020
2928,201,9,2020
2928,201,9,2019
2928,151,9,2018
2928,151,9,2017
2928,201,9,2016
2939,701,4,2020
2939,701,4,2019
2940,801,5,2020
2940,901,6,2019
3057,201,10,2020
3057,201,10,2019
3057,301,13,2018
3057,301,12,2017
3057,301,14,2016
3058,901,121,2019
3059,901,132,2020
3060,201,23,2020
3060,201,18,2019
3060,201,13,2018
3060,301,19,2017
3060,301,19,2016
3081,201,66,2020
3081,301,95,2019
3081,201,70,2018
3081,201,71,2017
3081,201,72,2016
3161,201,9,2020
3161,201,9,2019
3161,201,10,2018
3161,201,11,2017
3161,201,9,2016
3188,151,8,2020
3188,151,8,2019
3188,151,9,2018
3188,151,9,2017
3188,151,9,2016
3249,701,4,2020
3249,701,2,2019
3263,801,25,2020
3263,801,27,2019
3265,501,72,2020
3265,501,59,2019
3265,401,32,2016
3284,301,95,2020
3284,301,95,2019
3284,301,96,2018
3284,201,71,2017
3284,201,72,2016
3292,27,19,2020
3292,28,20,2019
3292,26,19,2018
3292,26,20,2017
3292,25,19,2016
3293,801,3,2020
3299,201,21,2020
3299,201,22,2019
3299,201,22,2018
3299,201,21,2017
3299,201,22,2016
3386,301,14,2019
3386,301,15,2018
3386,301,15,2017
3386,301,14,2016
3390,20,1,2020
3416,901,191,2020
3416,701,172,2019
3420,401,50,2020
3420,501,59,2019
3420,401,36,2018
3420,401,34,2017
3421,301,33,2020
3421,301,28,2019
3421,301,24,2018
3421,301,19,2017
3421,301,19,2016
3471,901,33,2019
3472,301,13,2020
3472,301,14,2019
3472,301,15,2018
3472,201,10,2017
3472,301,14,2016
3473,79,3,2019
3473,64,3,2018
3473,69,3,2017
3473,87,3,2016
3474,301,14,2019
3474,401,18,2018
3474,401,18,2017
3474,301,14,2016
3485,601,27,2020
3485,701,28,2019
3502,701,4,2020
3502,901,11,2019
3503,801,25,2020
3503,801,30,2019
3505,401,11,2020
3505,301,11,2019
3505,301,11,2018
3505,301,11,2017
3505,201,10,2016
3557,101,42,2020
3557,101,46,2019
3557,101,47,2018
3557,101,49,2017
3557,101,51,2016
3649,601,1,2020
3649,501,1,2019
3654,80,3,2020
3654,68,3,2019
3654,79,4,2018
3654,73,3,2017
3654,101,4,2016
3655,901,9,2020
3655,701,2,2019
3800,501,12,2020
3800,501,12,2019
3800,401,8,2017
3800,401,10,2016
3937,901,18,2020
3937,901,19,2019
3938,901,18,2020
3938,801,15,2019
3939,801,13,2020
3939,601,8,2019
3940,401,4,2020
3940,401,5,2019
3940,401,5,2018
3940,401,4,2017
3940,301,2,2016
3941,601,7,2020
3941,501,7,2019
3942,901,19,2019
3943,801,13,2020
3943,801,15,2019
3944,801,13,2020
3944,801,15,2019
3945,401,4,2020
3945,401,5,2019
3945,401,5,2018
3945,401,4,2017
3945,401,5,2016
3946,401,4,2020
3946,301,2,2019
3946,301,2,2018
3946,301,2,2017
3946,301,2,2016
3947,701,9,2020
3947,601,8,2019
3948,901,18,2020
3948,801,15,2019
3949,701,9,2020
3949,701,12,2019
3950,601,7,2020
3950,601,8,2019
3951,801,13,2020
3951,701,12,2019
3953,901,5,2019
3955,801,8,2020
3955,601,6,2019
3983,401,23,2020
3983,401,22,2019
3983,401,22,2018
3983,401,22,2017
3983,301,15,2016
3990,801,182,2020
3990,901,193,2019
4015,401,115,2020
4015,401,117,2019
4015,401,118,2018
4015,401,120,2017
4015,401,120,2016
4033,201,66,2020
4033,201,67,2019
4033,201,70,2018
4033,201,71,2017
4033,201,72,2016
4036,701,9,2020
4036,901,19,2019
4121,701,32,2019
4134,100,6,2020
4134,101,5,2019
4134,101,4,2018
4134,101,3,2017
4134,101,3,2016
4135,701,91,2019
4136,601,85,2020
4137,801,121,2020
4137,901,121,2019
4138,601,85,2020
4148,401,50,2020
4148,401,40,2019
4149,901,11,2019
4215,801,25,2020
4215,801,27,2019
4244,901,9,2020
4244,801,8,2019
4245,801,4,2020
4262,201,66,2020
4262,201,67,2019
4262,201,70,2018
4262,201,71,2017
4262,201,72,2016
4267,201,66,2020
4267,301,95,2019
4267,201,70,2018
4267,201,71,2017
4267,301,99,2016
4277,101,42,2020
4277,101,46,2019
4277,79,38,2018
4277,85,43,2017
4277,93,47,2016
4288,401,115,2020
4288,501,138,2019
4294,66,1,2020
4294,66,1,2019
4294,61,1,2018
4294,69,1,2017
4294,62,1,2016
4300,901,34,2020
4323,101,5,2020
4365,601,9,2020
4365,601,8,2019
4390,601,22,2019
4393,301,16,2020
4393,301,16,2019
4393,301,16,2018
4393,301,15,2017
4393,301,15,2016
4397,401,50,2020
4397,801,107,2019
4398,801,121,2020
4398,901,121,2019
4399,601,85,2020
4399,601,73,2019
4400,601,85,2020
4400,901,121,2019
4403,701,103,2020
4403,801,107,2019
4413,801,25,2020
4413,901,30,2019
4419,801,25,2020
4419,501,12,2019
4419,401,8,2017
4520,801,7,2020
4543,601,2,2020
4543,701,2,2019
4575,801,25,2020
4575,801,27,2019
4591,701,103,2020
4591,701,91,2019
4592,801,107,2019
4597,401,25,2020
4597,301,22,2019
4597,301,21,2018
4597,301,23,2017
4597,301,22,2016
4600,201,2,2020
4600,301,6,2019
4600,201,3,2018
4600,201,2,2017
4600,301,7,2016
4601,401,50,2020
4601,401,40,2019
4601,401,36,2018
4601,401,34,2017
4602,101,7,2020
4602,151,9,2019
4602,151,8,2018
4602,151,7,2017
4602,151,7,2016
4603,701,103,2020
4603,701,91,2019
4659,1,1,2020
4659,1,1,2019
4659,1,1,2018
4659,1,1,2017
4659,1,1,2016
4662,601,8,2020
4662,601,8,2019
4664,801,182,2020
4664,801,182,2019
4699,901,132,2020
4700,901,132,2020
4705,401,50,2020
4705,501,59,2019
4707,57,3,2020
4707,47,1,2019
4707,47,1,2018
4707,42,1,2017
4707,47,1,2016
4708,301,20,2020
4713,801,121,2020
4723,701,46,2020
4723,501,37,2019
4723,401,35,2018
4723,401,35,2017
4781,501,15,2020
4781,501,15,2019
4781,301,10,2017
4790,601,85,2020
4790,601,73,2019
4795,151,5,2020
4795,151,6,2019
4795,151,6,2018
4795,151,6,2017
4795,151,6,2016
4813,701,6,2020
4813,701,6,2019
4813,401,6,2016
4841,901,191,2020
4845,901,132,2020
4845,701,91,2019
4846,301,33,2020
4846,401,40,2019
4846,401,36,2018
4846,401,34,2017
4847,501,59,2019
4848,101,7,2020
4848,101,5,2019
4848,151,8,2018
4848,201,10,2017
4848,201,10,2016
4856,601,25,2020
4856,501,17,2019
4861,601,85,2020
4861,601,73,2019
4862,201,23,2020
4862,301,28,2019
4862,301,24,2018
4862,301,19,2017
4862,401,32,2016
4912,601,18,2020
4912,601,16,2019
5008,901,9,2020
5008,801,7,2019
5153,101,42,2020
5153,101,46,2019
5153,101,47,2018
5153,101,49,2017
5153,101,51,2016
5180,25,4,2020
5180,23,4,2019
5180,24,4,2018
5180,27,4,2017
5191,501,1,2020
5191,401,1,2019
5191,401,1,2018
5191,301,1,2017
5191,301,1,2016
5192,701,5,2019
5193,701,5,2020
5193,701,5,2019
5194,901,10,2020
5194,601,3,2019
5195,701,5,2020
5195,701,5,2019
5196,601,2,2020
5196,501,2,2019
5197,901,10,2020
5197,901,11,2019
5198,901,10,2020
5198,801,9,2019
5216,101,42,2020
5216,101,46,2019
5216,101,47,2018
5216,101,49,2017
5216,101,51,2016
5222,301,95,2020
5222,301,95,2019
5222,301,96,2018
5222,301,100,2017
5222,201,72,2016
5233,901,31,2020
5233,901,30,2019
5238,301,13,2020
5368,701,31,2020
5368,601,25,2019
5388,201,66,2020
5388,201,67,2019
5388,201,70,2018
5388,201,71,2017
5388,201,72,2016
5391,901,10,2020
5391,801,8,2019
5395,901,10,2020
5395,801,8,2019
5398,601,2,2020
5398,801,8,2019
5399,401,1,2020
5399,401,1,2019
5399,401,1,2018
5399,401,1,2017
5399,401,1,2016
5485,401,2,2020
5485,301,1,2019
5485,401,2,2018
5485,401,2,2017
5485,401,1,2016
5489,301,16,2020
5489,201,9,2019
5489,201,10,2018
5489,301,15,2017
5489,201,9,2016
5500,701,5,2020
5500,801,9,2019
5516,501,72,2020
5516,601,73,2019
5517,301,33,2020
5517,401,40,2019
5518,151,14,2020
5518,201,18,2019
5518,201,13,2018
5518,301,19,2017
5518,201,10,2016
5519,401,50,2020
5519,401,40,2019
5523,901,13,2020
5523,601,8,2019
5545,15,12,2020
5545,16,13,2019
5545,18,15,2018
5545,18,15,2017
5545,16,14,2016
5569,151,7,2016
5575,701,20,2020
5575,701,23,2019
5640,201,6,2020
5640,201,6,2019
5640,201,6,2018
5640,201,6,2017
5640,201,6,2016
5641,97,2,2020
5641,85,2,2019
5641,86,2,2018
5641,90,2,2017
5641,93,2,2016
5643,901,34,2019
5646,701,20,2020
5646,701,23,2019
5647,701,21,2020
5647,701,22,2019
5655,401,115,2020
5655,301,95,2019
5655,401,118,2018
5657,701,10,2020
5657,701,9,2019
5657,401,4,2018
5657,401,7,2017
5657,401,5,2016
5722,201,11,2020
5722,201,11,2019
5722,201,15,2018
5722,201,16,2017
5722,201,15,2016
5723,45,1,2020
5723,38,1,2019
5723,44,1,2018
5723,44,1,2017
5723,44,1,2016
5732,901,9,2020
5732,801,7,2019
5736,601,44,2020
5736,801,51,2019
5739,301,9,2020
5739,301,10,2019
5739,301,10,2018
5739,301,10,2017
5739,301,10,2016
5760,501,134,2020
5760,501,138,2019
5760,401,118,2018
5760,401,120,2017
5778,701,1,2019
5785,701,20,2020
5785,901,34,2019
5786,101,1,2020
5786,101,1,2019
5786,101,1,2018
5786,101,1,2017
5786,101,1,2016
5787,201,3,2020
5787,201,3,2019
5787,201,3,2018
5787,201,3,2017
5787,201,3,2016
5789,401,4,2020
5789,401,4,2019
5789,301,4,2018
5789,401,4,2017
5789,301,4,2016
5790,901,38,2020
5790,701,22,2019
5791,151,2,2020
5791,151,2,2019
5791,101,1,2018
5791,101,1,2017
5791,101,1,2016
5793,47,7,2020
5793,51,7,2019
5793,56,7,2018
5793,46,7,2017
5793,50,7,2016
5801,501,15,2020
5801,601,18,2019
5808,401,11,2020
5808,401,11,2019
5808,401,13,2018
5808,401,14,2017
5808,401,13,2016
5810,701,21,2020
5810,701,22,2019
5811,201,2,2020
5811,201,3,2019
5811,201,3,2018
5811,201,2,2017
5811,201,4,2016
5812,201,2,2020
5812,201,3,2019
5812,201,3,2018
5812,201,2,2017
5812,151,2,2016
5813,801,25,2020
5813,801,30,2019
5814,701,103,2020
5814,901,121,2019
5818,34,2,2020
5818,32,2,2019
5818,35,2,2018
5818,35,2,2017
5818,32,2,2016
5819,301,7,2020
5819,301,6,2019
5819,301,6,2018
5819,401,8,2017
5819,301,7,2016
5820,301,7,2020
5820,401,9,2019
5820,401,8,2017
5821,901,34,2019
5822,301,9,2020
5822,201,8,2019
5822,201,8,2018
5822,201,8,2017
5822,201,7,2016
5946,301,16,2020
5946,301,16,2019
5946,301,16,2018
5946,301,15,2017
5946,301,15,2016
5984,901,27,2020
5984,901,27,2019
6006,301,29,2020
6006,301,27,2019
6006,301,29,2018
6006,301,29,2017
6017,401,50,2020
6017,301,28,2019
6017,301,24,2018
6017,301,19,2017
6017,301,19,2016
6018,901,8,2020
6018,901,8,2019
6036,301,13,2020
6036,201,10,2019
6036,201,10,2018
6036,301,12,2017
6036,201,7,2016
6095,701,176,2020
6095,601,156,2019
6097,601,36,2020
6098,80,3,2020
6098,82,4,2019
6098,74,3,2018
6098,88,4,2017
6098,93,3,2016
6110,901,49,2020
6125,901,132,2020
6174,801,7,2020
6174,801,8,2019
6183,301,7,2020
6183,301,7,2019
6183,301,9,2018
6183,201,6,2017
6183,301,9,2016
6186,801,13,2020
6191,701,46,2020
6191,701,47,2019
6192,801,55,2020
6192,801,51,2019
6202,801,55,2020
6202,801,51,2019
6203,151,16,2020
6203,151,17,2019
6203,151,17,2018
6203,151,18,2017
6203,151,16,2016
6204,201,21,2020
6204,201,22,2019
6204,151,17,2018
6204,201,21,2017
6204,151,16,2016
6237,501,37,2020
6237,701,47,2019
6245,301,95,2020
6245,301,95,2019
6245,301,96,2018
6245,301,100,2017
6245,301,99,2016
6270,501,134,2020
6270,601,156,2019
6280,801,13,2020
6280,901,13,2019
6283,151,5,2020
6283,101,4,2019
6283,101,4,2018
6283,101,4,2017
6283,101,4,2016
6468,401,20,2019
6468,401,18,2018
6468,401,18,2017
6468,401,19,2016
6559,201,10,2020
6559,201,10,2019
6559,201,10,2018
6559,201,10,2017
6559,201,10,2016
6564,501,1,2020
6564,501,1,2019
6568,201,9,2020
6568,201,9,2019
6568,201,10,2018
6568,151,9,2017
6568,201,9,2016
6583,401,1,2020
6583,401,1,2019
6598,801,51,2019
6615,801,3,2020
6615,801,4,2019
6622,801,39,2020
6622,801,37,2019
6678,901,9,2020
6711,601,3,2020
6711,601,3,2019
6721,4,3,2020
6721,4,3,2019
6721,4,3,2018
6721,4,3,2017
6721,5,4,2016
6731,601,5,2020
6731,601,5,2019
6740,101,42,2020
6741,101,46,2019
6741,81,39,2018
6741,71,36,2017
6741,86,44,2016
6751,78,3,2020
6751,90,3,2019
6751,70,3,2018
6751,67,4,2017
6751,63,3,2016
6758,98,4,2020
6758,90,3,2019
6758,86,4,2018
6758,66,3,2017
6758,83,4,2016
6784,601,155,2020
6784,601,156,2019
6790,701,4,2019
6791,401,6,2020
6791,501,7,2019
6791,401,4,2016
6792,501,8,2020
6792,401,5,2019
6792,401,5,2018
6793,901,7,2020
6793,901,7,2019
6794,301,95,2020
6794,401,117,2019
6794,301,96,2018
6794,201,71,2017
6794,201,72,2016
6795,201,2,2020
6795,201,2,2019
6795,201,2,2018
6795,201,3,2017
6795,201,3,2016
6796,901,7,2020
6815,801,25,2020
6821,601,21,2020
6821,501,19,2019
6916,101,42,2020
6916,101,46,2019
6916,101,47,2018
6916,101,49,2017
6916,101,51,2016
6918,701,176,2020
6918,701,172,2019
6934,801,6,2020
6934,701,2,2019
6943,901,56,2019
6966,601,19,2020
6966,801,28,2019
6987,701,91,2019
7049,501,134,2020
7049,501,138,2019
7049,401,118,2018
7063,601,155,2020
7063,601,156,2019
7087,85,6,2020
7087,73,3,2019
7087,91,5,2018
7087,78,3,2017
7087,79,4,2016
7096,501,138,2019
7097,801,182,2020
7143,401,3,2020
7143,401,3,2019
7143,401,3,2018
7144,93,1,2020
7144,87,1,2019
7144,86,1,2018
7144,93,1,2017
7144,87,1,2016
7212,601,27,2020
7212,701,28,2019
7339,901,6,2019
7405,801,25,2020
7405,701,23,2019
7406,83,3,2020
7406,90,3,2019
7406,83,3,2018
7406,84,3,2017
7406,72,3,2016
7407,401,50,2020
7407,401,40,2019
7407,401,36,2018
7408,401,50,2020
7408,401,40,2019
7409,301,33,2020
7409,401,40,2019
7409,301,24,2018
7409,401,34,2017
7410,701,103,2020
7410,801,107,2019
7411,401,50,2020
7411,401,40,2019
7411,401,36,2018
7411,401,34,2017
7411,401,32,2016
7412,501,72,2020
7412,601,73,2019
7413,101,7,2020
7413,151,9,2019
7413,151,8,2018
7413,201,10,2017
7413,201,10,2016
7414,301,33,2020
7414,401,40,2019
7414,401,36,2018
7414,401,34,2017
7415,901,132,2020
7416,401,50,2020
7416,401,40,2019
7416,401,36,2018
7417,701,103,2020
7417,601,73,2019
7418,301,33,2020
7418,301,28,2019
7418,301,24,2018
7418,401,34,2017
7418,401,32,2016
7419,201,23,2020
7419,201,18,2019
7419,301,24,2018
7419,301,19,2017
7419,301,19,2016
7420,801,121,2020
7420,901,121,2019
7421,91,2,2020
7421,73,2,2019
7421,96,2,2018
7421,101,2,2017
7421,101,2,2016
7423,901,34,2020
7423,801,30,2019
7459,201,1,2020
7459,201,1,2019
7459,201,1,2018
7459,201,1,2017
7459,151,1,2016
7467,701,10,2020
7467,601,8,2019
7468,301,3,2020
7468,301,2,2019
7468,301,3,2018
7468,301,3,2017
7469,401,5,2016
7470,401,4,2020
7470,501,4,2019
7470,301,3,2017
7470,401,5,2016
7471,901,13,2020
7471,901,12,2019
7505,501,2,2020
7505,501,2,2019
7506,901,33,2019
7508,601,5,2019
7509,701,5,2020
7510,901,11,2019
7513,601,8,2020
7513,801,11,2019
7514,901,13,2020
7515,201,1,2020
7515,151,1,2019
7515,151,1,2018
7515,151,1,2017
7515,151,1,2016
7516,801,12,2020
7516,901,12,2019
7518,601,3,2020
7518,601,3,2019
7518,401,2,2018
7518,401,2,2017
7522,401,4,2020
7522,501,4,2019
7522,401,4,2018
7522,301,3,2017
7522,301,3,2016
7525,701,1,2020
7525,801,1,2019
7526,801,3,2020
7526,801,3,2019
7527,501,72,2020
7527,501,59,2019
7529,601,4,2020
7529,501,4,2019
7529,401,3,2018
7529,301,2,2017
7529,301,2,2016
7530,701,2,2020
7530,701,2,2019
7531,501,2,2020
7531,501,2,2019
7531,401,1,2016
7532,80,1,2020
7532,67,1,2019
7532,85,1,2018
7532,91,1,2017
7532,83,1,2016
7533,501,6,2020
7533,501,4,2019
7534,301,1,2020
7534,301,1,2019
7534,301,1,2018
7534,301,1,2017
7534,301,1,2016
7540,601,73,2019
7608,901,191,2020
7608,901,193,2019
7615,901,193,2019
7615,401,120,2017
7622,601,6,2020
7622,401,3,2019
7647,27,19,2020
7647,30,22,2019
7647,32,24,2018
7647,29,22,2017
7647,29,22,2016
7657,201,21,2020
7657,201,22,2019
7657,201,22,2018
7657,201,21,2017
7657,301,29,2016
7669,901,7,2019
7673,901,34,2020
7673,901,34,2019
7674,801,25,2020
7674,801,30,2019
7676,701,103,2020
7676,701,91,2019
7692,201,66,2020
7692,201,67,2019
7692,151,59,2018
7692,201,71,2017
7692,201,72,2016
7705,501,72,2020
7705,701,91,2019
7735,601,6,2020
7735,601,6,2019
7743,901,132,2020
7750,601,85,2020
7750,801,107,2019
7750,401,32,2016
7770,201,72,2016
7771,201,66,2020
7771,201,67,2019
7771,201,70,2018
7771,201,71,2017
7772,301,33,2020
7772,401,40,2019
7772,401,36,2018
7772,401,34,2017
7773,501,134,2020
7773,501,138,2019
7796,901,60,2020
7796,901,56,2019
7797,501,72,2020
7797,501,59,2019
7827,601,85,2020
7827,601,73,2019
7827,401,34,2017
7836,201,23,2020
7836,301,28,2019
7836,301,24,2018
7839,30,21,2020
7839,29,21,2019
7839,25,18,2018
7839,22,18,2017
7839,26,20,2016
7843,601,5,2020
7843,601,4,2019
7844,101,2,2020
7844,101,2,2019
7844,101,2,2018
7844,101,2,2017
7844,101,2,2016
7855,701,46,2020
7860,501,4,2020
7860,401,3,2019
7860,401,3,2018
7860,401,3,2017
7860,401,3,2016
7930,401,50,2020
7930,501,59,2019
7930,301,19,2017
7930,401,32,2016
7979,601,155,2020
7979,701,172,2019
7991,401,11,2020
7991,401,11,2019
7991,301,10,2018
7991,301,10,2017
7991,301,10,2016
8002,501,134,2020
8002,501,138,2019
8002,401,118,2018
8002,401,120,2017
8002,401,120,2016
8011,701,176,2020
8011,601,156,2019
8036,801,26,2020
8046,601,12,2020
8046,801,12,2019
8053,201,66,2020
8053,201,67,2019
8053,151,59,2018
8053,201,71,2017
8053,151,62,2016
8055,201,66,2020
8055,201,67,2019
8055,151,59,2018
8055,151,61,2017
8055,151,62,2016
8062,701,20,2020
8062,601,18,2019
8062,401,14,2017
8062,401,13,2016
8063,151,5,2020
8063,151,6,2019
8063,101,4,2018
8063,101,4,2017
8063,96,4,2016
8240,36,2,2020
8248,801,28,2019
8278,501,2,2019
8279,501,2,2020
8302,301,14,2019
8302,301,15,2018
8302,301,15,2017
8302,301,14,2016
8305,401,19,2016
8306,14,1,2020
8388,201,9,2020
8388,201,10,2019
8388,201,9,2018
8388,201,10,2017
8388,201,10,2016
8394,301,33,2020
8394,401,40,2019
8394,401,36,2018
8394,401,34,2017
8394,401,32,2016
8395,49,2,2020
8395,53,2,2019
8395,57,2,2018
8395,71,2,2017
8395,71,2,2016
8420,101,42,2020
8420,98,44,2019
8420,74,37,2018
8420,85,43,2017
8420,77,41,2016
8465,40,1,2017
8465,39,1,2016
8530,501,37,2019
8531,301,7,2020
8531,401,9,2019
8531,401,9,2018
8531,301,7,2017
8531,201,4,2016
8541,201,4,2019
8541,201,2,2018
8541,201,3,2017
8541,201,3,2016
8544,701,23,2020
8544,601,18,2019
8544,301,4,2016
8545,501,14,2020
8545,501,14,2019
8546,201,4,2020
8549,601,25,2020
8549,501,17,2019
8550,301,6,2020
8550,401,8,2019
8550,401,8,2018
8550,401,8,2017
8550,301,4,2016
8553,301,6,2020
8553,301,6,2019
8553,201,2,2018
8553,201,1,2017
8553,301,4,2016
8559,501,2,2020
8575,801,182,2020
8575,801,182,2019
8603,801,3,2020
8603,801,3,2019
8606,6,5,2020
8606,6,5,2019
8606,6,5,2018
8606,6,5,2017
8606,6,5,2016
8651,79,36,2020
8651,72,35,2019
8651,70,34,2018
8651,77,38,2017
8651,63,35,2016
8656,401,10,2020
8656,401,9,2019
8656,401,10,2016
8672,601,1,2020
8673,401,50,2020
8673,401,40,2019
8674,701,103,2020
8675,801,2,2020
8675,801,2,2019
8679,201,21,2020
8679,151,17,2019
8679,151,17,2018
8679,151,18,2017
8679,151,16,2016
8680,201,10,2020
8680,301,13,2019
8680,201,10,2018
8680,201,9,2017
8680,201,7,2016
8681,401,35,2020
8681,301,27,2019
8681,301,29,2018
8681,301,29,2017
8681,301,29,2016
8683,301,16,2020
8683,301,16,2019
8683,201,10,2018
8683,201,11,2017
8683,201,9,2016
8685,701,103,2020
8777,301,16,2020
8777,301,16,2019
8777,301,16,2018
8777,401,22,2017
8777,401,22,2016
8820,201,11,2020
8820,201,11,2019
8820,201,15,2018
8820,201,16,2017
8820,201,15,2016
8834,101,5,2020
8834,101,5,2019
8834,101,5,2018
8834,101,5,2017
8834,101,4,2016
8933,601,85,2020
8933,701,91,2019
8936,401,115,2020
8936,301,95,2019
8936,401,120,2016
8949,901,9,2020
8950,101,42,2020
8950,95,41,2019
8950,70,34,2018
8950,74,37,2017
8950,72,38,2016
8972,901,18,2020
8972,901,19,2019
8975,901,34,2020
9016,43,26,2020
9016,35,24,2019
9016,30,22,2018
9016,36,25,2017
9016,37,26,2016
9036,901,43,2019
9070,701,46,2020
9070,501,37,2019
9075,501,134,2020
9075,501,138,2019
9075,401,118,2018
9075,401,120,2017
9075,301,99,2016
9079,801,182,2020
9079,801,182,2019
9080,101,42,2020
9080,101,46,2019
9080,101,47,2018
9080,79,39,2017
9080,96,48,2016
9082,901,27,2020
9082,901,27,2019
9366,701,176,2020
9366,701,172,2019
9392,501,31,2020
9392,501,31,2019
9442,401,115,2020
9442,401,117,2019
9442,401,118,2018
9442,301,100,2017
9442,401,120,2016
9466,301,2,2020
9466,301,2,2019
9466,301,2,2018
9466,301,2,2017
9466,301,2,2016
9474,801,25,2020
9474,601,18,2019
9521,401,115,2020
9521,501,138,2019
9521,401,120,2016
9593,151,1,2020
9593,151,1,2019
9593,201,2,2018
9593,151,1,2017
9593,151,1,2016
9613,701,23,2020
9649,401,11,2020
9649,401,11,2019
9649,401,12,2016
9666,701,32,2019
9670,501,12,2020
9670,701,22,2019
9677,901,4,2020
9677,901,4,2019
9681,101,1,2020
9681,101,1,2019
9681,101,1,2018
9681,101,1,2017
9681,101,1,2016
9694,601,85,2020
9694,701,91,2019
9695,901,11,2019
9696,701,6,2020
9696,701,7,2019
9697,801,121,2020
9697,901,121,2019
9698,151,14,2020
9698,201,18,2019
9698,301,24,2018
9698,301,19,2017
9698,301,19,2016
9699,801,107,2019
9700,401,50,2020
9701,63,4,2020
9701,82,4,2019
9701,101,4,2018
9701,101,3,2017
9701,101,3,2016
9702,901,132,2020
9703,301,33,2020
9703,401,40,2019
9703,401,36,2018
9704,401,50,2020
9704,501,59,2019
9705,901,132,2020
9706,601,85,2020
9706,601,73,2019
9707,501,2,2020
9707,401,2,2019
9725,201,23,2020
9725,301,28,2019
9734,701,20,2020
9734,601,18,2019
9736,701,6,2020
9736,901,11,2019
9737,901,34,2020
9737,901,34,2019
9745,801,121,2020
9745,801,107,2019
9746,151,14,2020
9746,151,9,2019
9746,151,8,2018
9746,151,7,2017
9746,201,10,2016
9765,301,13,2020
9765,301,13,2019
9765,301,13,2018
9765,401,18,2017
9765,401,17,2016
9770,901,4,2020
9770,801,3,2019
9789,901,1,2019
9791,901,31,2020
9791,901,30,2019
9802,201,10,2016
9803,151,14,2020
9803,151,9,2019
9803,201,13,2018
9803,201,10,2017
9804,39,3,2020
9804,44,2,2019
9804,36,1,2018
9812,401,50,2020
9812,701,91,2019
9813,501,72,2020
9813,701,91,2019
9814,151,14,2020
9814,201,18,2019
9814,201,13,2018
9814,201,10,2017
9814,201,10,2016
9819,801,182,2020
9867,101,7,2020
9867,151,9,2019
9867,201,13,2018
9867,201,10,2017
9867,201,10,2016
9926,901,32,2020
9926,901,32,2019
9932,501,72,2020
9932,501,59,2019
9934,501,134,2020
9934,501,138,2019
9949,301,33,2020
9949,401,40,2019
9973,601,85,2020
9973,601,73,2019
9977,901,132,2020
9982,401,50,2020
9982,501,59,2019
10047,501,37,2019
10047,401,35,2018
10047,401,35,2017
10047,401,34,2016
10048,501,37,2020
10107,2,2,2020
10107,2,2,2019
10107,2,2,2018
10107,2,2,2017
10107,2,2,2016
10131,601,155,2020
10131,501,138,2019
10140,401,3,2020
10140,401,3,2019
10140,401,3,2018
10140,401,3,2017
10140,401,3,2016
10154,901,191,2020
10154,701,172,2019
10163,401,10,2020
10163,401,10,2019
10163,401,10,2018
10163,401,11,2017
10163,401,11,2016
10164,69,2,2020
10164,73,3,2019
10164,77,3,2018
10164,74,3,2017
10164,81,3,2016
10169,201,66,2020
10169,201,67,2019
10169,301,96,2018
10169,201,71,2017
10169,201,72,2016
10219,801,1,2019
10228,101,7,2020
10228,101,5,2019
10228,101,4,2018
10228,151,7,2017
10228,151,7,2016
10231,201,2,2020
10231,151,2,2019
10231,151,2,2018
10231,201,2,2017
10231,151,2,2016
10241,601,44,2020
10241,401,35,2019
10242,601,155,2020
10242,701,172,2019
10245,301,7,2020
10245,301,7,2019
10245,201,6,2018
10245,201,6,2017
10245,201,6,2016
10247,201,9,2020
10247,301,16,2019
10247,301,16,2018
10247,301,15,2017
10247,401,22,2016
10248,83,4,2020
10248,78,4,2019
10248,81,4,2018
10248,76,4,2017
10248,92,4,2016
10249,19,1,2019
10249,19,1,2018
10249,19,1,2017
10249,19,1,2016
10253,601,155,2020
10253,601,156,2019
10427,201,11,2020
10427,201,11,2019
10427,151,8,2018
10427,151,8,2017
10427,151,9,2016
10443,601,8,2020
10443,701,9,2019
10444,701,103,2020
10444,701,91,2019
10455,501,2,2020
10455,501,4,2019
10483,401,25,2020
10483,501,31,2019
10483,401,29,2018
10483,401,27,2017
10483,401,28,2016
10484,57,3,2019
10484,48,2,2018
10484,50,2,2017
10484,47,1,2016
10485,301,20,2020
10485,301,22,2019
10485,301,21,2018
10485,401,27,2017
10485,301,22,2016
10486,601,36,2020
10486,501,31,2019
10487,151,3,2020
10487,101,3,2019
10487,151,3,2018
10487,151,3,2017
10487,151,3,2016
10488,801,46,2020
10488,501,31,2019
10489,54,2,2020
10490,101,2,2020
10490,85,1,2019
10490,77,1,2018
10490,93,1,2017
10490,69,1,2016
10492,501,2,2020
10492,401,2,2019
10494,151,4,2020
10494,151,4,2019
10494,151,4,2018
10494,151,4,2017
10494,151,4,2016
10498,301,95,2020
10498,301,95,2019
10498,301,96,2018
10498,301,100,2017
10498,301,99,2016
10551,151,57,2020
10551,151,59,2019
10551,151,59,2018
10551,101,49,2017
10551,101,51,2016
10578,401,115,2020
10578,501,138,2019
10578,401,118,2018
10578,401,120,2016
10637,67,3,2020
10637,76,4,2019
10637,69,4,2018
10637,97,6,2017
10637,77,3,2016
10645,101,1,2020
10645,101,1,2019
10645,151,2,2018
10645,151,2,2017
10645,201,2,2016
10654,401,115,2020
10674,801,7,2020
10674,701,6,2019
10683,301,95,2020
10683,201,67,2019
10683,201,70,2018
10683,301,100,2017
10683,301,99,2016
10684,801,25,2020
10684,701,23,2019
10703,101,2,2020
10703,101,2,2019
10703,95,2,2018
10703,101,2,2017
10703,87,2,2016
10704,201,3,2020
10704,201,3,2019
10704,201,3,2018
10704,201,3,2017
10704,301,5,2016
10705,301,5,2020
10705,201,3,2019
10705,201,3,2018
10705,201,3,2017
10705,201,2,2016
10709,22,4,2016
10721,901,9,2020
10721,801,7,2019
10728,101,42,2020
10728,100,45,2019
10728,94,44,2018
10728,80,40,2017
10728,79,42,2016
10729,701,46,2020
10729,701,47,2019
10736,801,55,2020
10736,701,47,2019
10763,701,103,2020
10769,151,8,2020
10769,101,8,2019
10769,101,7,2018
10769,101,7,2017
10769,101,7,2016
10770,901,191,2020
10770,801,182,2019
10772,501,134,2020
10772,501,138,2019
10774,201,1,2020
10774,201,1,2019
10774,201,1,2018
10774,201,1,2017
10774,151,1,2016
10775,151,6,2020
10775,151,6,2019
10775,151,7,2018
10775,151,6,2017
10775,201,7,2016
10776,301,29,2020
10776,301,27,2019
10776,301,29,2018
10776,201,21,2017
10776,201,22,2016
10777,42,6,2020
10777,31,5,2019
10777,32,5,2018
10777,32,5,2017
10777,41,6,2016
10779,201,66,2020
10779,201,67,2019
10779,201,70,2018
10779,201,71,2017
10779,201,72,2016
10780,151,16,2020
10780,151,17,2019
10780,151,17,2018
10780,101,10,2017
10780,151,16,2016
10781,151,2,2020
10781,101,1,2019
10781,101,1,2018
10781,101,1,2017
10781,101,1,2016
10782,36,5,2020
10782,33,6,2019
10782,34,6,2018
10782,38,6,2017
10782,35,5,2016
10783,35,1,2020
10783,41,1,2019
10783,38,1,2018
10783,39,1,2017
10783,40,1,2016
10786,301,95,2020
10786,301,95,2019
10786,301,96,2018
10786,301,100,2017
10786,201,72,2016
10787,74,4,2020
10787,94,6,2019
10787,101,7,2018
10787,101,7,2017
10787,101,7,2016
10788,301,16,2020
10788,401,22,2019
10788,301,16,2018
10788,301,15,2017
10788,301,15,2016
10789,54,2,2020
10789,54,2,2019
10789,55,2,2018
10789,55,2,2017
10789,55,2,2016
10790,201,21,2020
10790,301,27,2019
10790,201,22,2018
10790,201,21,2017
10790,301,29,2016
10791,101,9,2020
10791,101,9,2019
10791,101,9,2018
10791,101,10,2017
10791,101,9,2016
10794,301,95,2020
10794,201,67,2019
10794,301,96,2018
10794,301,100,2017
10794,201,72,2016
10795,401,115,2020
10795,301,95,2019
10795,301,96,2018
10795,201,71,2017
10795,301,99,2016
10796,67,34,2020
10796,68,34,2019
10796,100,46,2018
10796,101,49,2017
10796,96,48,2016
10798,401,115,2020
10798,601,156,2019
10798,401,118,2018
10798,401,120,2017
10798,401,120,2016
10799,48,29,2020
10799,49,31,2019
10799,48,30,2018
10799,48,29,2017
10799,43,29,2016
10801,601,155,2020
10801,601,156,2019
10801,401,120,2017
10802,41,25,2020
10802,45,28,2019
10802,40,27,2018
10802,51,30,2017
10802,44,30,2016
10803,301,95,2020
10803,301,95,2019
10803,301,96,2018
10803,201,71,2017
10803,301,99,2016
10804,601,155,2020
10804,601,156,2019
10805,501,15,2020
10805,501,15,2019
10805,401,13,2018
10805,401,14,2017
10806,26,1,2020
10806,25,1,2019
10806,22,1,2018
10806,24,1,2017
10806,20,1,2016
10808,701,6,2020
10808,701,6,2019
10811,85,6,2020
10811,99,7,2019
10811,93,6,2018
10811,91,5,2017
10811,96,6,2016
10823,501,134,2020
10823,401,117,2019
10823,401,118,2018
10823,401,120,2017
10823,301,99,2016
10835,601,85,2020
10835,601,73,2019
10836,151,14,2020
10836,201,18,2019
10836,201,13,2018
10836,301,19,2017
10836,301,19,2016
10842,601,13,2020
10842,501,13,2019
10849,901,34,2019
10850,151,5,2020
10850,101,4,2019
10850,101,4,2018
10850,101,4,2017
10850,101,5,2016
10852,101,4,2020
10852,101,4,2019
10852,151,6,2018
10852,151,6,2017
10852,201,7,2016
10853,601,18,2020
10853,601,18,2019
10854,901,34,2020
10854,901,34,2019
10855,701,23,2019
10856,401,11,2020
10856,401,11,2019
10856,401,13,2018
10856,401,14,2017
10856,401,13,2016
10868,801,7,2020
10868,801,7,2019
10869,701,1,2020
10869,901,1,2019
10870,201,23,2020
10870,201,18,2019
10870,301,24,2018
10870,301,19,2017
10870,301,19,2016
10892,201,10,2016
10951,151,1,2020
10951,151,1,2019
10951,151,1,2018
10951,151,1,2017
10951,151,1,2016
10981,29,1,2020
10981,43,1,2019
10981,45,1,2018
10981,48,1,2017
10981,58,1,2016
10985,151,57,2020
10985,151,59,2019
10985,151,59,2018
10985,151,61,2017
10985,101,51,2016
10986,601,155,2020
10986,401,117,2019
10997,801,39,2020
10997,701,32,2019
11010,301,2,2020
11010,301,2,2019
11010,301,2,2018
11010,301,2,2017
11010,301,2,2016
11063,401,10,2020
11063,301,6,2019
11063,301,6,2018
11063,401,8,2017
11067,401,10,2020
11067,401,10,2019
11067,401,10,2018
11067,301,10,2017
11067,301,9,2016
11071,801,182,2019
11072,901,193,2019
11132,901,4,2020
11132,801,3,2019
11137,801,31,2020
11143,901,38,2020
11144,801,31,2020
11145,901,18,2020
11145,901,19,2019
11146,801,13,2020
11146,601,8,2019
11147,601,19,2020
11147,501,14,2019
11147,401,8,2017
11148,701,23,2020
11149,901,1,2020
11149,801,1,2019
11150,601,4,2020
11150,501,2,2019
11151,401,3,2020
11151,401,3,2019
11151,401,3,2018
11152,301,2,2020
11152,301,2,2019
11152,301,2,2018
11152,301,2,2017
11152,301,2,2016
11153,16,3,2020
11153,15,3,2019
11153,17,3,2018
11153,16,3,2017
11153,17,3,2016
11154,101,4,2019
11154,101,4,2018
11154,101,4,2017
11154,101,4,2016
11155,701,23,2020
11156,701,5,2020
11156,701,5,2019
11157,501,14,2020
11157,501,14,2019
11157,401,10,2016
11161,501,134,2020
11161,401,117,2019
11161,401,118,2018
11161,401,120,2017
11161,401,120,2016
11163,301,95,2020
11163,301,95,2019
11163,301,96,2018
11163,201,71,2017
11163,301,99,2016
11164,201,21,2020
11164,201,22,2019
11164,201,22,2018
11164,201,21,2017
11164,201,22,2016
11169,801,2,2019
11172,301,95,2020
11172,201,67,2019
11172,201,70,2018
11172,201,71,2017
11172,201,72,2016
11175,601,155,2020
11175,501,138,2019
11175,401,120,2016
11177,101,5,2020
11177,101,5,2019
11177,101,5,2018
11177,101,5,2017
11177,101,5,2016
11178,801,31,2020
11178,901,37,2019
11179,601,19,2020
11179,801,28,2019
11180,101,5,2020
11180,101,5,2019
11180,101,5,2018
11180,101,5,2017
11180,101,4,2016
11181,901,28,2020
11181,901,33,2019
11183,301,6,2020
11183,201,5,2019
11183,201,5,2018
11183,201,5,2017
11183,201,5,2016
11185,101,42,2020
11185,101,46,2019
11185,101,47,2018
11185,99,48,2017
11185,101,51,2016
11191,601,155,2020
11191,501,138,2019
11192,901,191,2020
11192,801,182,2019
11195,701,176,2020
11195,701,172,2019
11197,801,48,2019
11198,501,18,2020
11198,601,22,2019
11199,501,4,2020
11199,601,6,2019
11199,401,3,2018
11199,401,3,2017
11199,401,3,2016
11201,151,1,2020
11201,151,1,2019
11201,151,1,2018
11201,201,1,2017
11201,151,1,2016
11202,401,11,2020
11202,501,17,2019
11203,88,5,2020
11203,87,5,2019
11203,96,5,2018
11203,95,5,2017
11203,101,5,2016
11204,301,29,2020
11204,401,35,2019
11204,401,35,2018
11204,301,29,2016
11205,701,40,2020
11205,501,31,2019
11205,401,29,2018
11205,401,27,2017
11205,401,28,2016
11206,401,1,2020
11206,401,1,2019
11206,301,1,2018
11206,201,1,2017
11206,201,1,2016
11207,301,3,2020
11207,301,3,2019
11207,201,3,2018
11207,201,3,2017
11207,201,3,2016
11208,101,6,2020
11208,101,6,2019
11208,101,6,2018
11208,101,6,2017
11208,101,5,2016
11209,101,9,2020
11209,101,9,2019
11209,101,9,2018
11209,101,10,2017
11209,101,9,2016
11210,401,25,2020
11210,301,22,2019
11210,301,21,2018
11210,201,16,2017
11210,201,15,2016
11211,201,4,2020
11211,201,4,2019
11211,201,2,2018
11211,201,3,2017
11211,201,3,2016
11212,87,4,2020
11212,70,4,2019
11212,101,5,2018
11212,101,5,2017
11212,101,4,2016
11213,201,9,2020
11213,201,10,2019
11213,201,9,2018
11213,151,7,2017
11213,151,7,2016
11214,701,9,2020
11214,701,12,2019
11215,501,31,2020
11215,501,31,2019
11215,401,29,2018
11215,401,27,2017
11215,401,28,2016
11217,64,8,2020
11217,64,8,2019
11217,74,8,2018
11217,61,8,2017
11217,57,8,2016
11218,38,2,2020
11218,35,2,2019
11218,43,2,2018
11218,31,2,2017
11218,34,2,2016
11219,901,2,2019
11220,201,1,2020
11220,201,1,2019
11220,201,1,2018
11220,201,1,2017
11220,151,1,2016
11221,501,18,2020
11221,601,22,2019
11222,801,39,2020
11222,801,37,2019
11223,801,39,2020
11223,801,37,2019
11224,601,2,2020
11224,601,3,2019
11227,5,4,2020
11227,5,4,2019
11227,5,4,2018
11227,5,4,2017
11227,3,3,2016
11228,91,39,2020
11228,90,40,2019
11228,96,45,2018
11228,85,43,2017
11228,75,39,2016
11229,69,35,2020
11229,80,37,2019
11229,83,40,2018
11229,64,34,2017
11229,58,33,2016
11230,13,11,2020
11230,11,9,2019
11230,11,9,2018
11230,12,10,2017
11230,12,10,2016
11231,401,117,2019
11232,201,66,2020
11232,151,59,2019
11232,151,59,2018
11232,151,61,2017
11232,151,62,2016
11233,18,14,2020
11233,18,15,2019
11233,15,13,2018
11233,15,13,2017
11233,14,12,2016
11234,21,16,2020
11234,20,16,2019
11234,21,17,2018
11234,21,17,2017
11234,21,16,2016
11235,49,30,2020
11235,48,30,2019
11235,46,29,2018
11235,45,28,2017
11235,42,28,2016
11236,151,57,2020
11236,101,46,2019
11236,101,47,2018
11236,98,47,2017
11236,83,43,2016
11241,401,115,2020
11247,3,1,2020
11247,3,1,2019
11247,3,1,2018
11247,3,1,2017
11247,4,1,2016
11248,701,31,2020
11249,301,2,2020
11249,301,2,2019
11249,301,2,2018
11249,401,4,2017
11249,401,5,2016
11250,601,27,2020
11250,601,26,2019
11251,801,31,2020
11251,801,28,2019
11252,401,3,2020
11252,401,4,2019
11252,401,4,2018
11252,401,4,2017
11252,301,2,2016
11253,201,1,2020
11253,201,1,2019
11253,301,2,2018
11253,301,2,2017
11253,201,1,2016
11254,801,31,2020
11254,701,22,2019
11255,401,11,2020
11255,601,25,2019
11257,301,95,2020
11257,301,95,2019
11257,301,96,2018
11257,301,100,2017
11257,401,120,2016
11261,901,6,2020
11261,701,4,2019
11262,10,8,2020
11262,10,8,2019
11262,10,8,2018
11262,10,8,2017
11262,10,8,2016
11263,801,39,2020
11263,901,43,2019
11264,401,1,2020
11264,401,1,2019
11264,301,1,2018
11264,301,1,2017
11264,301,1,2016
11265,201,66,2020
11265,301,95,2019
11265,301,96,2018
11265,301,100,2017
11265,201,72,2016
11267,501,4,2020
11267,501,5,2019
11267,401,3,2017
11267,401,3,2016
11268,151,8,2020
11268,151,8,2019
11268,151,8,2018
11268,201,16,2017
11268,201,15,2016
11272,44,27,2020
11272,38,25,2019
11272,38,26,2018
11272,43,27,2017
11272,38,27,2016
11274,201,66,2020
11274,301,95,2019
11274,201,70,2018
11274,301,100,2017
11274,301,99,2016
11277,801,3,2020
11277,801,3,2019
11278,201,66,2020
11278,201,67,2019
11278,301,96,2018
11278,301,100,2017
11278,301,99,2016
11279,33,1,2020
11279,26,1,2019
11279,29,1,2018
11279,30,1,2017
11279,30,1,2016
11280,701,23,2020
11280,601,18,2019
11286,901,1,2020
11287,801,4,2020
11287,701,4,2019
11288,601,1,2020
11288,601,1,2019
11289,301,13,2020
11292,901,4,2020
11292,901,4,2019
11293,201,66,2020
11293,201,67,2019
11293,201,70,2018
11293,151,61,2017
11293,151,62,2016
11294,601,2,2020
11294,701,5,2019
11295,901,191,2020
11295,901,193,2019
11298,201,11,2019
11298,301,21,2018
11298,301,23,2017
11298,401,28,2016
11299,301,20,2020
11299,301,22,2019
11299,301,21,2018
11300,201,21,2020
11300,201,22,2019
11300,201,22,2018
11300,301,29,2017
11300,201,22,2016
11302,501,4,2020
11302,401,5,2019
11302,401,4,2018
11302,301,2,2017
11302,301,2,2016
11303,701,31,2020
11304,151,14,2020
11304,151,9,2019
11304,201,13,2018
11304,201,10,2017
11304,301,19,2016
11305,901,4,2020
11306,201,11,2020
11306,201,11,2019
11306,201,15,2018
11306,151,8,2017
11306,151,9,2016
11307,501,37,2020
11307,501,37,2019
11309,151,16,2020
11309,151,17,2019
11309,151,17,2018
11309,151,18,2017
11309,151,16,2016
11310,701,23,2020
11310,801,28,2019
11311,501,18,2020
11311,501,17,2019
11311,401,11,2018
11311,401,13,2017
11311,401,12,2016
11312,301,8,2020
11312,201,4,2019
11312,301,9,2018
11312,301,8,2017
11312,201,3,2016
11313,88,37,2020
11313,95,41,2019
11313,86,41,2018
11313,88,46,2017
11313,90,45,2016
11315,101,5,2019
11315,101,5,2018
11315,101,5,2017
11315,101,4,2016
11316,101,5,2020
11316,101,5,2019
11316,101,5,2018
11316,101,5,2017
11316,101,4,2016
11317,401,8,2020
11317,401,8,2019
11317,301,8,2018
11317,401,8,2017
11317,301,8,2016
11318,59,3,2020
11318,58,2,2019
11318,59,3,2018
11318,60,3,2017
11318,53,2,2016
11319,501,18,2020
11319,401,11,2019
11321,701,40,2020
11321,501,31,2019
11321,301,22,2016
11322,801,31,2020
11322,801,28,2019
11323,101,5,2020
11323,101,5,2019
11323,99,4,2018
11323,95,4,2017
11323,101,4,2016
11324,101,4,2020
11324,151,5,2019
11324,101,4,2018
11324,151,5,2017
11324,151,5,2016
11325,201,2,2020
11325,201,2,2019
11325,201,2,2018
11325,201,1,2017
11325,201,2,2016
11326,401,6,2020
11326,401,5,2019
11326,401,5,2018
11328,801,55,2020
11329,601,44,2019
11330,69,2,2020
11330,65,2,2019
11330,66,2,2018
11330,59,2,2017
11330,72,2,2016
11332,301,13,2020
11332,301,13,2019
11332,301,13,2018
11332,301,12,2017
11332,301,14,2016
11333,901,10,2020
11334,601,7,2020
11334,601,7,2019
11335,501,31,2020
11335,401,28,2019
11335,401,29,2018
11335,301,23,2017
11335,301,22,2016
11336,201,11,2020
11336,201,11,2019
11336,151,8,2018
11336,151,8,2017
11336,201,15,2016
11337,501,31,2019
11337,401,29,2018
11337,401,27,2017
11337,401,28,2016
11342,301,95,2020
11342,201,67,2019
11342,201,70,2018
11342,201,71,2017
11342,151,62,2016
11344,74,1,2020
11344,63,1,2019
11344,57,1,2018
11344,56,1,2017
11344,56,1,2016
11345,801,55,2020
11346,701,40,2020
11346,701,47,2019
11347,201,66,2020
11347,201,67,2019
11347,201,70,2018
11347,201,71,2017
11347,201,72,2016
11352,701,46,2020
11352,901,56,2019
11353,901,1,2019
11354,501,1,2020
11354,401,1,2019
11354,401,1,2017
11355,501,134,2020
11355,601,156,2019
11356,201,66,2020
11356,201,67,2019
11356,201,70,2018
11356,201,71,2017
11356,201,72,2016
11357,45,28,2020
11357,38,25,2019
11357,41,28,2018
11357,37,26,2017
11357,30,23,2016
11359,201,2,2020
11359,201,2,2019
11359,201,2,2018
11359,151,1,2017
11359,151,1,2016
11360,901,46,2020
11360,901,43,2019
11361,801,4,2020
11361,801,5,2019
11362,201,66,2020
11362,201,67,2019
11362,151,59,2018
11362,151,61,2017
11362,151,62,2016
11363,701,23,2020
11363,801,28,2019
11364,401,25,2020
11364,301,22,2019
11364,301,21,2018
11364,201,16,2017
11364,301,22,2016
11365,601,85,2020
11365,801,107,2019
11366,601,6,2020
11366,601,6,2019
11366,401,3,2017
11368,701,7,2020
11368,501,6,2019
11369,201,66,2020
11369,201,67,2019
11369,201,70,2018
11369,201,71,2017
11369,201,72,2016
11372,701,40,2020
11372,801,48,2019
11373,501,37,2020
11373,501,37,2019
11373,401,35,2018
11374,301,95,2020
11374,301,95,2019
11374,301,96,2018
11374,301,100,2017
11374,301,99,2016
11375,201,11,2020
11375,201,11,2019
11375,201,15,2018
11375,151,8,2017
11375,151,9,2016
11376,801,11,2020
11376,801,11,2019
11377,601,36,2020
11377,401,28,2019
11377,401,29,2018
11377,401,27,2017
11377,401,28,2016
11378,501,5,2020
11378,401,3,2019
11378,401,3,2017
11378,401,3,2016
11379,701,31,2020
11379,601,25,2019
11380,601,19,2020
11380,701,22,2019
11382,901,37,2019
11383,101,6,2020
11383,151,7,2019
11383,101,6,2018
11383,151,7,2017
11383,201,7,2016
11384,101,9,2020
11384,101,9,2019
11384,101,9,2018
11384,101,10,2017
11384,101,9,2016
11385,301,29,2020
11385,301,27,2019
11385,201,22,2018
11385,301,29,2017
11385,201,22,2016
11386,201,11,2020
11386,201,11,2019
11386,151,8,2018
11386,151,8,2017
11386,151,9,2016
11387,201,5,2020
11387,201,5,2019
11387,301,7,2018
11387,301,7,2017
11387,301,7,2016
11388,401,17,2020
11388,301,14,2019
11389,701,5,2020
11389,601,5,2019
11390,901,60,2020
11391,151,1,2020
11391,151,1,2019
11391,151,1,2018
11391,151,1,2017
11391,151,1,2016
11392,101,9,2020
11392,101,9,2019
11392,101,9,2018
11392,101,10,2017
11392,101,9,2016
11393,501,1,2020
11393,501,1,2019
11393,401,1,2018
11393,401,1,2017
11393,401,1,2016
11394,701,22,2019
11395,201,9,2020
11395,301,14,2019
11395,201,9,2018
11395,201,10,2017
11395,201,10,2016
11396,901,2,2019
11404,601,155,2020
11404,601,156,2019
11405,701,40,2020
11405,601,44,2019
11406,601,1,2020
11406,701,1,2019
11407,601,2,2020
11407,601,2,2019
11408,601,36,2020
11408,601,44,2019
11409,401,115,2020
11409,501,138,2019
11409,401,118,2018
11410,201,11,2020
11410,201,11,2019
11410,201,15,2018
11410,201,16,2017
11410,201,15,2016
11411,701,23,2020
11411,801,28,2019
11412,301,1,2020
11412,301,1,2019
11412,301,1,2018
11412,401,1,2017
11412,401,1,2016
11414,301,13,2020
11414,301,13,2019
11414,301,13,2018
11414,301,12,2017
11414,401,17,2016
11415,401,25,2020
11415,501,31,2019
11415,301,21,2018
11415,401,27,2017
11415,301,22,2016
11416,701,2,2019
11421,201,66,2020
11421,201,67,2019
11421,201,70,2018
11421,201,71,2017
11421,201,72,2016
11422,601,155,2020
11422,501,138,2019
11422,301,99,2016
11423,53,31,2020
11423,46,29,2019
11423,51,32,2018
11423,53,32,2017
11423,52,32,2016
11429,151,57,2020
11429,151,59,2019
11429,151,59,2018
11429,151,61,2017
11429,151,62,2016
11430,901,191,2020
11430,901,193,2019
11431,901,191,2020
11432,151,57,2020
11432,151,59,2019
11432,151,59,2018
11432,151,61,2017
11432,151,62,2016
11436,801,39,2020
11436,801,37,2019
11437,201,66,2020
11437,201,67,2019
11437,201,70,2018
11437,151,61,2017
11437,151,62,2016
11438,22,17,2020
11438,20,16,2019
11438,27,20,2018
11438,24,19,2017
11438,23,17,2016
11441,151,1,2020
11441,151,1,2019
11441,151,1,2018
11441,201,3,2017
11441,201,3,2016
11442,401,11,2019
11442,401,11,2018
11442,301,8,2017
11442,301,9,2016
11443,301,8,2020
11444,401,3,2020
11444,401,3,2019
11444,401,3,2018
11444,401,3,2017
11444,401,3,2016
11445,40,24,2020
11445,41,27,2019
11445,37,25,2018
11445,34,24,2017
11445,33,24,2016
11450,801,182,2019
11453,151,57,2020
11453,151,59,2019
11453,201,70,2018
11453,201,71,2017
11453,201,72,2016
11455,701,176,2020
11457,701,31,2020
11457,701,32,2019
11458,901,9,2019
11459,601,155,2020
11459,401,117,2019
11459,401,118,2018
11459,401,120,2017
11459,401,120,2016
11462,151,8,2020
11462,151,8,2019
11462,201,9,2018
11462,201,10,2017
11462,301,14,2016
11463,151,6,2020
11463,151,6,2019
11463,101,5,2018
11463,151,6,2017
11463,151,6,2016
11465,151,8,2020
11465,151,8,2019
11465,151,8,2018
11465,151,8,2017
11465,101,4,2016
11466,51,1,2020
11466,52,2,2019
11466,53,3,2018
11466,57,3,2017
11466,51,3,2016
11467,701,23,2020
11467,701,22,2019
11468,601,21,2020
11468,601,22,2019
11469,301,8,2020
11469,301,9,2019
11469,201,2,2018
11469,301,8,2017
11469,301,9,2016
11470,301,4,2020
11471,501,14,2020
11471,701,22,2019
11472,201,66,2020
11472,201,67,2019
11472,201,70,2018
11472,151,61,2017
11472,201,72,2016
11474,601,155,2020
11474,601,156,2019
11478,901,10,2019
11479,501,134,2020
11479,601,156,2019
11480,501,134,2020
11480,701,172,2019
11482,501,24,2020
11482,601,26,2019
11483,501,134,2020
11484,601,156,2019
11484,401,118,2018
11484,401,120,2017
11489,901,193,2019
11490,801,30,2019
11490,401,18,2017
11490,401,19,2016
11495,30,21,2020
11495,33,23,2019
11495,30,22,2018
11495,33,23,2017
11495,35,25,2016
11496,901,191,2020
11496,901,193,2019
11497,901,191,2020
11503,401,115,2020
11503,401,117,2019
11503,301,96,2018
11503,301,100,2017
11503,301,99,2016
11511,301,95,2020
11511,301,95,2019
11511,201,70,2018
11511,201,71,2017
11511,201,72,2016
11512,101,9,2020
11512,101,9,2019
11512,101,9,2018
11512,101,10,2017
11512,101,9,2016
11513,901,2,2019
11514,401,115,2020
11514,401,117,2019
11514,401,118,2018
11514,401,120,2017
11517,801,46,2020
11517,501,31,2019
11518,701,22,2019
11519,301,95,2020
11519,301,95,2019
11519,301,96,2018
11519,201,71,2017
11519,301,99,2016
11520,901,28,2020
11520,801,30,2019
11521,60,1,2020
11521,59,1,2019
11521,62,1,2018
11521,62,1,2017
11521,67,1,2016
11522,301,2,2020
11522,301,2,2019
11522,301,2,2018
11522,301,2,2017
11522,301,2,2016
11523,151,6,2020
11523,151,6,2019
11523,151,7,2018
11523,151,6,2017
11523,201,7,2016
11524,501,4,2020
11524,301,2,2019
11524,401,3,2017
11524,401,3,2016
11525,401,10,2020
11525,401,8,2019
11526,9,2,2020
11526,7,2,2019
11526,7,2,2018
11526,7,2,2017
11526,7,2,2016
11527,801,48,2019
11528,201,4,2020
11528,201,4,2019
11528,201,2,2018
11528,151,1,2017
11528,151,1,2016
11529,501,18,2020
11529,601,25,2019
11529,401,11,2018
11529,401,13,2017
11529,401,12,2016
11530,65,4,2020
11531,151,8,2019
11531,151,7,2018
11531,151,7,2017
11531,151,7,2016
11532,37,1,2019
11532,42,2,2018
11532,41,2,2017
11532,46,2,2016
11533,501,18,2020
11533,601,25,2019
11533,401,11,2018
11533,401,12,2016
11534,901,6,2019
11535,401,11,2020
11535,301,9,2019
11535,301,9,2018
11535,301,8,2017
11535,301,9,2016
11536,19,15,2020
11536,17,14,2019
11536,16,14,2018
11536,17,14,2017
11536,18,15,2016
11538,401,11,2020
11538,401,11,2019
11538,401,12,2016
11614,151,1,2020
11614,151,1,2019
11614,201,2,2018
11614,201,3,2017
11614,201,3,2016
11615,96,41,2020
11618,89,39,2019
11618,90,42,2018
11618,68,35,2017
11618,70,37,2016
11621,501,37,2020
11622,801,27,2020
11622,701,28,2019
11624,301,2,2020
11624,301,2,2019
11624,301,2,2018
11624,301,2,2017
11624,301,2,2016
11625,501,37,2020
11625,601,44,2019
11626,401,25,2020
11626,401,28,2019
11626,401,27,2017
11626,401,28,2016
11627,401,3,2020
11627,401,3,2019
11627,401,3,2018
11633,301,14,2016
11634,601,21,2020
11634,601,21,2019
11636,501,31,2020
11636,501,31,2019
11636,401,27,2017
11636,401,28,2016
11637,701,25,2020
11637,701,22,2019
11638,501,18,2020
11638,601,22,2019
11639,801,182,2020
11639,601,156,2019
11642,151,57,2020
11642,151,59,2019
11642,151,59,2018
11642,101,49,2017
11642,101,51,2016
11643,501,18,2020
11643,501,17,2019
11643,301,8,2017
11643,401,12,2016
11644,501,31,2020
11644,501,31,2019
11644,401,29,2018
11644,401,27,2017
11644,401,28,2016
11650,701,23,2020
11650,601,18,2019
11651,701,31,2020
11651,901,43,2019
11652,601,25,2020
11652,701,32,2019
11652,401,12,2016
11653,901,13,2020
11653,901,12,2019
11656,401,10,2020
11656,501,14,2019
11656,401,8,2018
11656,301,4,2017
11656,301,4,2016
11657,101,1,2020
11657,101,1,2019
11657,151,1,2018
11657,151,1,2017
11657,101,1,2016
11658,301,13,2020
11658,301,13,2019
11658,301,13,2018
11658,301,12,2017
11658,401,17,2016
11659,701,23,2020
11659,801,30,2019
11661,201,23,2020
11661,301,28,2019
11661,401,36,2018
11662,73,5,2020
11662,101,5,2019
11662,101,4,2018
11662,101,3,2017
11662,101,3,2016
11663,501,2,2020
11663,501,2,2019
11663,401,2,2018
11663,401,1,2017
11663,401,1,2016
11665,401,10,2020
11665,401,8,2019
11666,601,85,2020
11667,601,21,2020
11667,701,22,2019
11668,601,25,2020
11668,501,17,2019
11670,801,8,2020
11670,801,8,2019
11672,501,24,2020
11672,501,24,2019
11673,901,6,2020
11673,901,6,2019
11674,301,95,2020
11674,301,95,2019
11674,301,96,2018
11674,301,100,2017
11674,301,99,2016
11684,201,66,2020
11684,201,67,2019
11684,201,70,2018
11684,201,71,2017
11684,201,72,2016
11686,101,9,2020
11686,101,9,2019
11686,101,9,2018
11686,101,10,2017
11686,101,9,2016
11687,61,32,2020
11687,55,32,2019
11687,60,33,2018
11687,54,33,2017
11687,49,31,2016
11688,301,4,2020
11688,301,5,2019
11688,301,5,2018
11688,301,5,2017
11688,301,5,2016
11692,801,30,2020
11692,701,28,2019
11694,701,2,2019
11695,301,29,2020
11695,301,27,2019
11695,301,29,2018
11695,301,29,2017
11695,301,29,2016
11698,901,60,2020
11698,901,56,2019
11699,101,6,2020
11699,101,4,2019
11699,101,4,2018
11699,101,4,2017
11699,101,4,2016
11700,401,35,2020
11700,601,44,2019
11701,301,20,2020
11701,301,22,2019
11701,301,21,2018
11701,301,23,2017
11701,401,28,2016
11702,301,29,2020
11702,301,27,2019
11702,301,29,2018
11702,301,29,2017
11702,401,34,2016
11703,151,16,2020
11703,151,17,2019
11703,201,22,2018
11703,201,21,2017
11703,201,22,2016
11704,74,4,2020
11704,80,5,2019
11704,68,3,2018
11704,83,4,2017
11704,82,5,2016
11705,601,1,2020
11705,601,2,2019
11706,801,8,2020
11706,901,11,2019
11707,501,4,2020
11707,501,6,2019
11708,401,1,2020
11708,301,1,2019
11708,301,1,2018
11708,301,1,2017
11708,401,1,2016
11709,201,9,2020
11709,201,9,2019
11709,201,10,2018
11709,201,11,2017
11709,201,9,2016
11710,201,9,2020
11710,201,9,2019
11710,301,16,2018
11710,301,15,2017
11711,301,15,2016
11712,301,1,2020
11712,301,1,2019
11712,301,1,2018
11712,301,1,2017
11712,301,1,2016
11713,201,66,2020
11713,201,67,2019
11713,201,70,2018
11713,201,71,2017
11713,301,99,2016
11714,601,155,2020
11714,801,182,2019
11715,601,155,2020
11715,701,172,2019
11716,901,6,2020
11716,901,6,2019
11717,601,155,2020
11717,801,182,2019
11719,23,1,2020
11719,24,1,2019
11719,23,1,2018
11719,23,1,2017
11719,27,1,2016
11720,301,13,2020
11720,201,10,2019
11720,201,9,2018
11720,301,15,2017
11721,901,28,2020
11722,801,25,2020
11722,901,34,2019
11723,401,11,2020
11723,401,11,2019
11724,601,25,2020
11724,601,25,2019
11724,401,13,2017
11725,501,4,2020
11725,601,4,2019
11726,201,8,2020
11726,201,8,2019
11726,201,8,2018
11726,201,8,2017
11726,201,7,2016
11727,151,8,2020
11727,151,8,2019
11727,151,8,2018
11727,151,8,2017
11727,151,9,2016
11729,201,4,2020
11729,201,4,2019
11729,201,2,2018
11729,201,3,2017
11729,201,3,2016
11730,301,2,2020
11730,301,2,2019
11730,301,2,2018
11730,401,3,2017
11730,401,3,2016
11731,401,11,2020
11731,401,12,2019
11731,301,11,2017
11731,301,12,2016
11732,801,39,2020
11732,801,37,2019
11733,301,20,2020
11733,201,11,2019
11733,201,15,2018
11733,201,16,2017
11733,201,15,2016
11734,501,12,2020
11734,501,12,2019
11734,401,9,2018
11735,701,31,2020
11735,801,37,2019
11736,101,42,2020
11736,101,46,2019
11736,101,47,2018
11736,101,49,2017
11736,100,50,2016
11737,201,2,2020
11737,201,2,2019
11737,401,8,2018
11737,401,8,2017
11737,401,10,2016
11738,801,31,2020
11738,801,28,2019
11739,301,95,2020
11739,301,95,2019
11739,301,96,2018
11739,301,100,2017
11739,301,99,2016
11740,501,18,2020
11741,601,21,2020
11741,401,20,2019
11741,401,19,2016
11742,801,11,2020
11742,701,10,2019
11743,301,13,2020
11743,301,13,2019
11743,301,13,2018
11743,301,12,2017
11743,201,7,2016
11744,151,1,2020
11744,151,1,2019
11744,151,1,2018
11744,151,1,2017
11744,151,1,2016
11745,501,14,2020
11745,601,18,2019
11746,151,57,2020
11746,151,59,2019
11746,151,59,2018
11746,151,61,2017
11746,151,62,2016
11748,151,8,2019
11748,101,5,2018
11748,101,5,2017
11748,101,4,2016
11749,301,1,2020
11749,401,2,2019
11749,301,1,2018
11749,301,1,2017
11749,401,1,2016
11750,101,9,2020
11750,101,9,2019
11750,101,9,2018
11750,101,10,2017
11750,151,16,2016
11751,16,13,2020
11751,14,12,2019
11751,14,12,2018
11751,13,11,2017
11751,15,13,2016
11753,151,6,2020
11753,151,6,2019
11753,151,7,2018
11753,201,9,2017
11753,201,7,2016
11757,301,16,2019
11757,401,22,2018
11757,301,15,2017
11757,301,15,2016
11758,32,23,2020
11758,27,19,2019
11758,28,21,2018
11758,28,21,2017
11758,28,21,2016
11759,401,117,2019
11766,601,155,2020
11766,401,118,2018
11776,201,9,2020
11776,201,9,2019
11776,201,10,2018
11776,201,11,2017
11776,301,15,2016
11777,201,11,2020
11777,201,11,2019
11777,151,8,2018
11777,151,8,2017
11777,151,9,2016
11778,801,46,2020
11779,501,134,2020
11779,401,117,2019
11779,401,118,2018
11779,401,120,2017
11779,401,120,2016
11780,901,34,2020
11780,901,34,2019
11781,201,21,2020
11781,301,27,2019
11781,301,29,2018
11781,201,21,2017
11781,201,22,2016
11782,401,1,2020
11782,401,1,2019
11782,401,1,2016
11783,401,10,2020
11783,401,8,2019
11784,56,2,2020
11784,61,3,2019
11784,54,2,2018
11784,58,2,2017
11784,54,3,2016
11785,501,14,2020
11785,401,8,2019
11786,301,6,2020
11786,401,8,2019
11786,301,5,2018
11786,401,8,2017
11786,401,10,2016
11792,801,2,2020
11792,801,2,2019
11793,901,1,2020
11793,801,1,2019
11798,801,30,2020
11798,801,31,2019
11801,201,1,2020
11801,201,1,2019
11801,201,1,2018
11801,201,1,2017
11801,201,1,2016
11802,701,9,2020
11802,501,9,2019
11803,99,5,2020
11803,101,4,2019
11803,151,7,2018
11803,151,7,2017
11804,701,23,2020
11805,101,3,2020
11805,151,3,2019
11805,151,3,2018
11805,151,4,2017
11805,151,3,2016
11813,77,3,2020
11813,62,2,2019
11813,63,2,2018
11813,63,2,2017
11813,60,2,2016
11815,701,5,2020
11815,701,6,2019
11826,401,115,2020
11826,401,117,2019
11826,401,118,2018
11826,401,120,2016
11832,52,1,2020
11832,49,1,2019
11832,51,1,2018
11832,47,1,2017
11832,65,1,2016
11896,101,5,2019
11896,101,5,2018
11896,101,5,2017
11896,101,4,2016
11915,62,33,2020
11915,55,32,2019
11915,50,31,2018
11915,52,31,2017
11915,60,34,2016
11932,801,8,2020
11932,901,11,2019
11946,501,17,2019
11954,901,32,2020
11955,401,3,2020
11955,301,2,2019
11955,301,2,2018
11955,301,2,2017
11955,301,2,2016
11961,301,4,2020
11961,301,4,2019
11961,301,4,2018
11961,401,4,2017
11961,401,4,2016
11966,701,1,2020
11966,601,1,2019
11999,201,66,2020
11999,201,67,2019
11999,201,70,2018
11999,201,71,2017
11999,201,72,2016
12006,201,66,2020
12006,201,67,2019
12006,201,70,2018
12006,301,100,2017
12006,301,99,2016
12020,401,11,2020
12020,501,17,2019
12020,401,11,2018
12020,401,13,2017
12020,401,12,2016
12027,101,5,2020
12028,301,6,2020
12028,201,5,2019
12028,201,5,2018
12028,201,5,2017
12028,201,5,2016
12153,701,10,2020
12161,151,8,2020
12163,401,115,2020
12163,401,117,2019
12163,401,120,2016
12186,801,4,2020
12186,801,6,2019
12190,601,18,2020
12190,501,15,2019
12190,401,13,2018
12190,401,13,2016
12205,301,95,2020
12205,301,95,2019
12205,301,96,2018
12205,401,120,2017
12205,401,120,2016
12208,23,18,2020
12208,22,18,2019
12208,20,16,2018
12208,20,16,2017
12208,23,17,2016
12226,501,134,2020
12226,401,117,2019
12226,401,118,2018
12226,301,100,2017
12226,301,99,2016
12238,93,1,2020
12238,101,2,2019
12238,101,3,2018
12238,101,2,2017
12238,101,3,2016
12247,501,72,2020
12247,601,73,2019
12284,401,115,2020
12284,401,117,2019
12284,401,118,2018
12284,401,120,2017
12284,401,120,2016
12323,301,16,2020
12328,201,10,2020
12328,201,10,2019
12328,201,10,2018
12328,201,9,2017
12328,201,7,2016
12397,901,191,2020
12397,901,193,2019
12440,901,191,2020
12440,901,193,2019
12454,901,7,2019
12455,151,14,2020
12455,151,9,2019
12455,201,13,2018
12455,201,10,2017
12455,301,19,2016
12456,301,33,2020
12456,301,28,2019
12456,301,24,2018
12456,401,34,2017
12456,401,32,2016
12480,101,7,2020
12481,601,85,2020
12482,201,23,2020
12482,201,18,2019
12482,301,24,2018
12482,301,19,2017
12482,201,10,2016
12483,201,10,2017
12483,151,7,2016
12484,151,9,2019
12484,151,8,2018
12485,401,50,2020
12485,601,73,2019
12510,11,9,2020
12510,11,9,2019
12510,12,10,2018
12510,11,9,2017
12510,11,9,2016
12512,701,23,2019
12513,501,72,2020
12513,501,59,2019
12514,901,132,2020
12514,801,107,2019
12528,201,66,2020
12528,201,67,2019
12528,301,96,2018
12528,201,71,2017
12528,201,72,2016
12540,501,12,2020
12540,601,16,2019
12542,801,25,2020
12542,701,23,2019
12543,901,34,2019
12544,201,2,2020
12544,201,3,2019
12544,301,6,2018
12544,201,2,2017
12544,201,4,2016
12551,401,19,2020
12551,501,19,2019
12558,801,121,2020
12558,801,107,2019
12564,901,5,2020
12564,901,5,2019
12569,801,121,2020
12569,801,107,2019
12570,901,132,2020
12571,58,3,2020
12571,70,3,2019
12571,67,3,2018
12571,101,3,2017
12571,101,3,2016
12572,501,72,2020
12572,501,59,2019
12573,301,33,2020
12573,401,40,2019
